{
  "trained_at": "2026-03-04T22:57:02.103840",
  "algorithm": "RandomForestClassifier",
  "version": "v20260304",
  "accuracy": 0.94,
  "cv_mean": 0.951,
  "cv_std": 0.0064,
  "n_train_samples": 1600,
  "n_features": 11,
  "feature_names": [
    "temperature",
    "air_humidity",
    "soil_humidity",
    "light",
    "co2",
    "weather_temp",
    "weather_humidity",
    "weather_rain_prob",
    "weather_wind",
    "weather_clouds",
    "weather_temp_24h"
  ],
  "classes": [
    "no_irrigation",
    "irrigate",
    "urgent_irrigation"
  ],
  "report": {
    "irrigate": {
      "precision": 0.9292035398230089,
      "recall": 0.9375,
      "f1-score": 0.9333333333333333,
      "support": 112.0
    },
    "no_irrigation": {
      "precision": 0.9435483870967742,
      "recall": 0.9669421487603306,
      "f1-score": 0.9551020408163265,
      "support": 242.0
    },
    "urgent_irrigation": {
      "precision": 0.9487179487179487,
      "recall": 0.8043478260869565,
      "f1-score": 0.8705882352941177,
      "support": 46.0
    },
    "accuracy": 0.94,
    "macro avg": {
      "precision": 0.9404899585459106,
      "recall": 0.9029299916157624,
      "f1-score": 0.9196745364812592,
      "support": 400.0
    },
    "weighted avg": {
      "precision": 0.9401263294465549,
      "recall": 0.94,
      "f1-score": 0.9392877150860345,
      "support": 400.0
    }
  },
  "has_real_data": false
}